"device_name";"date";"time_window";"actual_start_time";"actual_end_time";"daily_consumption";"adjusted_start_value";"end_value";"window_first_reading";"readings_count"
"Machine1";"March 1, 2025";"2025-03-01 07:30:00 - 2025-03-02 07:30:00";"2025-03-01 07:30:29";"2025-03-02 07:29:08";1734.0;1420111.0;1421845.0;1420111.0;1416.0
"Machine1";"March 2, 2025";"2025-03-02 07:30:00 - 2025-03-03 07:30:00";"2025-03-02 07:30:08";"2025-03-03 07:28:59";1392.0;1421845.0;1423237.0;1421846.0;1414.0
"Machine1";"March 3, 2025";"2025-03-03 07:30:00 - 2025-03-04 07:30:00";"2025-03-03 07:30:01";"2025-03-04 07:29:39";1785.0;1423237.0;1425022.0;1423238.0;1417.0
"Machine1";"March 4, 2025";"2025-03-04 07:30:00 - 2025-03-05 07:30:00";"2025-03-04 07:30:37";"2025-03-05 07:29:31";1801.0;1425022.0;1426823.0;1425023.0;1416.0
"Machine1";"March 5, 2025";"2025-03-05 07:30:00 - 2025-03-06 07:30:00";"2025-03-05 07:30:35";"2025-03-06 07:29:02";1842.0;1426823.0;1428665.0;1426824.0;1416.0
"Machine1";"March 6, 2025";"2025-03-06 07:30:00 - 2025-03-07 07:30:00";"2025-03-06 07:30:05";"2025-03-07 07:29:37";1796.0;1428665.0;1430461.0;1428667.0;1416.0
"Machine1";"March 7, 2025";"2025-03-07 07:30:00 - 2025-03-08 07:30:00";"2025-03-07 07:30:42";"2025-03-08 07:29:25";1775.0;1430461.0;1432236.0;1430462.0;1415.0
"Machine1";"March 8, 2025";"2025-03-08 07:30:00 - 2025-03-09 07:30:00";"2025-03-08 07:30:29";"2025-03-09 07:29:37";1791.0;1432236.0;1434027.0;1432237.0;1413.0
"Machine1";"March 9, 2025";"2025-03-09 07:30:00 - 2025-03-10 07:30:00";"2025-03-09 07:30:40";"2025-03-10 07:29:20";1753.0;1434027.0;1435780.0;1434028.0;1412.0
"Machine1";"March 10, 2025";"2025-03-10 07:30:00 - 2025-03-11 07:30:00";"2025-03-10 07:30:22";"2025-03-11 07:29:16";1767.0;1435780.0;1437547.0;1435781.0;1416.0
"Machine1";"March 11, 2025";"2025-03-11 07:30:00 - 2025-03-12 07:30:00";"2025-03-11 07:30:15";"2025-03-12 07:29:27";1736.0;1437547.0;1439283.0;1437548.0;1414.0
"Machine1";"March 12, 2025";"2025-03-12 07:30:00 - 2025-03-13 07:30:00";"2025-03-12 07:30:26";"2025-03-13 07:29:23";1780.0;1439283.0;1441063.0;1439284.0;1415.0
"Machine1";"March 13, 2025";"2025-03-13 07:30:00 - 2025-03-14 07:30:00";"2025-03-13 07:30:30";"2025-03-14 07:29:01";1805.0;1441063.0;1442868.0;1441064.0;1416.0
"Machine1";"March 14, 2025";"2025-03-14 07:30:00 - 2025-03-15 07:30:00";"2025-03-14 07:30:03";"2025-03-15 07:29:42";1750.0;1442868.0;1444618.0;1442870.0;1417.0
"Machine1";"March 15, 2025";"2025-03-15 07:30:00 - 2025-03-16 07:30:00";"2025-03-15 07:30:38";"2025-03-16 07:29:40";1774.0;1444618.0;1446392.0;1444619.0;1416.0
"Machine1";"March 16, 2025";"2025-03-16 07:30:00 - 2025-03-17 07:30:00";"2025-03-16 07:30:21";"2025-03-17 07:29:00";1756.0;1446392.0;1448148.0;1446393.0;1416.0
"Machine1";"March 17, 2025";"2025-03-17 07:30:00 - 2025-03-18 07:30:00";"2025-03-17 07:30:05";"2025-03-18 07:29:02";1302.0;1448148.0;1449450.0;1448150.0;1415.0
"Machine1";"March 18, 2025";"2025-03-18 07:30:00 - 2025-03-19 07:30:00";"2025-03-18 07:30:02";"2025-03-19 07:29:46";1641.0;1449450.0;1451091.0;1449451.0;1417.0
"Machine1";"March 19, 2025";"2025-03-19 07:30:00 - 2025-03-20 07:30:00";"2025-03-19 07:30:53";"2025-03-20 07:29:35";1790.0;1451091.0;1452881.0;1451092.0;1415.0
"Machine1";"March 20, 2025";"2025-03-20 07:30:00 - 2025-03-21 07:30:00";"2025-03-20 07:30:39";"2025-03-21 07:29:04";1803.0;1452881.0;1454684.0;1452882.0;1416.0
"Machine1";"March 21, 2025";"2025-03-21 07:30:00 - 2025-03-22 07:30:00";"2025-03-21 07:30:06";"2025-03-22 07:29:41";1768.0;1454684.0;1456452.0;1454685.0;1417.0
"Machine1";"March 22, 2025";"2025-03-22 07:30:00 - 2025-03-23 07:30:00";"2025-03-22 07:30:48";"2025-03-23 07:29:32";1775.0;1456452.0;1458227.0;1456454.0;1416.0
"Machine1";"March 23, 2025";"2025-03-23 07:30:00 - 2025-03-24 07:30:00";"2025-03-23 07:30:37";"2025-03-24 07:29:09";1775.0;1458227.0;1460002.0;1458229.0;1415.0
"Machine1";"March 24, 2025";"2025-03-24 07:30:00 - 2025-03-25 07:30:00";"2025-03-24 07:30:07";"2025-03-25 07:29:37";1771.0;1460002.0;1461773.0;1460003.0;1417.0
"Machine1";"March 25, 2025";"2025-03-25 07:30:00 - 2025-03-26 07:30:00";"2025-03-25 07:30:39";"2025-03-26 07:29:35";1742.0;1461773.0;1463515.0;1461774.0;1412.0
"Machine1";"March 26, 2025";"2025-03-26 07:30:00 - 2025-03-27 07:30:00";"2025-03-26 07:30:38";"2025-03-27 07:29:47";1783.0;1463515.0;1465298.0;1463516.0;1415.0
"Machine1";"March 27, 2025";"2025-03-27 07:30:00 - 2025-03-28 07:30:00";"2025-03-27 07:30:52";"2025-03-28 07:29:47";1788.0;1465298.0;1467086.0;1465299.0;1414.0
"Machine1";"March 28, 2025";"2025-03-28 07:30:00 - 2025-03-29 07:30:00";"2025-03-28 07:30:42";"2025-03-29 07:29:20";1759.0;1467086.0;1468845.0;1467087.0;1416.0
"Machine1";"March 29, 2025";"2025-03-29 07:30:00 - 2025-03-30 07:30:00";"2025-03-29 07:30:22";"2025-03-30 07:29:50";1778.0;1468845.0;1470623.0;1468846.0;1417.0
"Machine1";"March 30, 2025";"2025-03-30 07:30:00 - 2025-03-31 07:30:00";"2025-03-30 07:30:51";"2025-03-31 07:29:51";1762.0;1470623.0;1472385.0;1470624.0;1415.0
"Machine1";"March 31, 2025";"2025-03-31 07:30:00 - 2025-04-01 07:30:00";"2025-03-31 07:30:52";"2025-04-01 07:29:15";1759.0;1472385.0;1474144.0;1472386.0;1416.0
"Machine1";"April 1, 2025";"2025-04-01 07:30:00 - 2025-04-02 07:30:00";"2025-04-01 07:30:19";"2025-04-02 07:29:02";1763.0;1474144.0;1475907.0;1474146.0;1415.0
"Machine1";"April 2, 2025";"2025-04-02 07:30:00 - 2025-04-03 07:30:00";"2025-04-02 07:30:02";"2025-04-03 07:29:04";1748.0;1475907.0;1477655.0;1475908.0;1410.0
"Machine1";"April 3, 2025";"2025-04-03 07:30:00 - 2025-04-04 07:30:00";"2025-04-03 07:30:09";"2025-04-04 07:29:10";1774.0;1477655.0;1479429.0;1477656.0;1408.0
"Machine1";"April 4, 2025";"2025-04-04 07:30:00 - 2025-04-05 07:30:00";"2025-04-04 07:30:16";"2025-04-05 07:29:37";1765.0;1479429.0;1481194.0;1479431.0;1415.0
"Machine1";"April 5, 2025";"2025-04-05 07:30:00 - 2025-04-06 07:30:00";"2025-04-05 07:30:37";"2025-04-06 07:29:22";1764.0;1481194.0;1482958.0;1481195.0;1416.0
"Machine1";"April 6, 2025";"2025-04-06 07:30:00 - 2025-04-07 07:30:00";"2025-04-06 07:30:26";"2025-04-07 07:29:41";1740.0;1482958.0;1484698.0;1482959.0;1413.0
"Machine1";"April 7, 2025";"2025-04-07 07:30:00 - 2025-04-08 07:30:00";"2025-04-07 07:30:40";"2025-04-08 07:29:23";1746.0;1484698.0;1486444.0;1484699.0;1416.0
"Machine1";"April 8, 2025";"2025-04-08 07:30:00 - 2025-04-09 07:30:00";"2025-04-08 07:30:27";"2025-04-09 07:29:09";1758.0;1486444.0;1488202.0;1486445.0;1415.0
"Machine1";"April 9, 2025";"2025-04-09 07:30:00 - 2025-04-10 07:30:00";"2025-04-09 07:30:17";"2025-04-10 07:29:35";1752.0;1488202.0;1489954.0;1488203.0;1415.0
"Machine1";"April 10, 2025";"2025-04-10 07:30:00 - 2025-04-11 07:30:00";"2025-04-10 07:30:32";"2025-04-11 07:29:07";1329.0;1489954.0;1491283.0;1489955.0;1416.0
"Machine1";"April 11, 2025";"2025-04-11 07:30:00 - 2025-04-12 07:30:00";"2025-04-11 07:30:09";"2025-04-12 07:29:47";348.0;1491283.0;1491631.0;1491283.0;1417.0
"Machine1";"April 12, 2025";"2025-04-12 07:30:00 - 2025-04-13 07:30:00";"2025-04-12 07:30:47";"2025-04-13 07:29:26";61.0;1491631.0;1491692.0;1491631.0;1415.0
"Machine1";"April 13, 2025";"2025-04-13 07:30:00 - 2025-04-14 07:30:00";"2025-04-13 07:30:23";"2025-04-14 07:29:48";26.0;1491692.0;1491718.0;1491692.0;828.0
"Machine1";"April 14, 2025";"2025-04-14 07:30:00 - 2025-04-15 07:30:00";"2025-04-14 07:30:50";"2025-04-15 07:29:33";44.0;1491718.0;1491762.0;1491718.0;1416.0
"Machine1";"April 15, 2025";"2025-04-15 07:30:00 - 2025-04-16 07:30:00";"2025-04-15 07:30:29";"2025-04-16 07:29:35";1503.0;1491762.0;1493265.0;1491762.0;1415.0
"Machine1";"April 16, 2025";"2025-04-16 07:30:00 - 2025-04-17 07:30:00";"2025-04-16 07:30:32";"2025-04-17 07:29:59";623.0;1493265.0;1493888.0;1493267.0;1414.0
"Machine1";"April 17, 2025";"2025-04-17 07:30:00 - 2025-04-18 07:30:00";"2025-04-17 07:30:42";"2025-04-18 07:29:28";38.0;1493888.0;1493926.0;1493888.0;1416.0
"Machine1";"April 18, 2025";"2025-04-18 07:30:00 - 2025-04-19 07:30:00";"2025-04-18 07:30:33";"2025-04-19 07:29:01";38.0;1493926.0;1493964.0;1493926.0;1416.0
"Machine1";"April 19, 2025";"2025-04-19 07:30:00 - 2025-04-20 07:30:00";"2025-04-19 07:30:09";"2025-04-20 07:29:44";38.0;1493964.0;1494002.0;1493964.0;1417.0
"Machine1";"April 20, 2025";"2025-04-20 07:30:00 - 2025-04-21 07:30:00";"2025-04-20 07:30:45";"2025-04-21 07:29:41";36.0;1494002.0;1494038.0;1494002.0;1415.0
"Machine1";"April 21, 2025";"2025-04-21 07:30:00 - 2025-04-22 07:30:00";"2025-04-21 07:30:38";"2025-04-22 07:29:08";959.0;1494038.0;1494997.0;1494038.0;1356.0
"Machine1";"April 22, 2025";"2025-04-22 07:30:00 - 2025-04-23 07:30:00";"2025-04-22 07:30:05";"2025-04-23 07:29:46";1697.0;1494997.0;1496694.0;1494998.0;1416.0
"Machine1";"April 23, 2025";"2025-04-23 07:30:00 - 2025-04-24 07:30:00";"2025-04-23 07:30:47";"2025-04-24 07:29:37";1679.0;1496694.0;1498373.0;1496695.0;1409.0
"Machine1";"April 24, 2025";"2025-04-24 07:30:00 - 2025-04-25 07:30:00";"2025-04-24 07:30:49";"2025-04-25 07:29:09";1716.0;1498373.0;1500089.0;1498374.0;1416.0
"Machine1";"April 25, 2025";"2025-04-25 07:30:00 - 2025-04-26 07:30:00";"2025-04-25 07:30:17";"2025-04-26 07:29:49";1755.0;1500089.0;1501844.0;1500090.0;1414.0
"Machine1";"April 26, 2025";"2025-04-26 07:30:00 - 2025-04-27 07:30:00";"2025-04-26 07:30:49";"2025-04-27 07:29:49";1757.0;1501844.0;1503601.0;1501845.0;1416.0
"Machine1";"April 27, 2025";"2025-04-27 07:30:00 - 2025-04-28 07:30:00";"2025-04-27 07:30:46";"2025-04-28 07:29:10";1140.0;1503601.0;1504741.0;1503603.0;1416.0
"Machine1";"April 28, 2025";"2025-04-28 07:30:00 - 2025-04-29 07:30:00";"2025-04-28 07:30:15";"2025-04-29 07:29:52";1707.0;1504741.0;1506448.0;1504742.0;1417.0
"Machine1";"April 29, 2025";"2025-04-29 07:30:00 - 2025-04-30 07:30:00";"2025-04-29 07:30:56";"2025-04-30 07:29:56";1742.0;1506448.0;1508190.0;1506449.0;1413.0
"Machine1";"April 30, 2025";"2025-04-30 07:30:00 - 2025-05-01 07:30:00";"2025-04-30 07:30:51";"2025-05-01 07:29:20";1720.0;1508190.0;1509910.0;1508192.0;1415.0
"Machine1";"May 1, 2025";"2025-05-01 07:30:00 - 2025-05-02 07:30:00";"2025-05-01 07:30:24";"2025-05-02 07:29:03";1318.0;1509910.0;1511228.0;1509911.0;1416.0
"Machine1";"May 2, 2025";"2025-05-02 07:30:00 - 2025-05-03 07:30:00";"2025-05-02 07:30:00";"2025-05-03 07:29:00";1737.0;1511228.0;1512965.0;1511229.0;1416.0
"Machine1";"May 3, 2025";"2025-05-03 07:30:00 - 2025-05-04 07:30:00";"2025-05-03 07:30:01";"2025-05-04 07:29:25";1735.0;1512965.0;1514700.0;1512967.0;1417.0
"Machine1";"May 4, 2025";"2025-05-04 07:30:00 - 2025-05-05 07:30:00";"2025-05-04 07:30:27";"2025-05-05 07:29:09";1756.0;1514700.0;1516456.0;1514701.0;1412.0
"Machine1";"May 5, 2025";"2025-05-05 07:30:00 - 2025-05-06 07:30:00";"2025-05-05 07:30:11";"2025-05-06 07:29:03";1726.0;1516456.0;1518182.0;1516457.0;1416.0
"Machine1";"May 6, 2025";"2025-05-06 07:30:00 - 2025-05-07 07:30:00";"2025-05-06 07:30:04";"2025-05-07 07:29:31";1757.0;1518182.0;1519939.0;1518183.0;1415.0
"Machine1";"May 7, 2025";"2025-05-07 07:30:00 - 2025-05-08 07:30:00";"2025-05-07 07:30:33";"2025-05-08 07:29:30";1744.0;1519939.0;1521683.0;1519941.0;1416.0
"Machine1";"May 8, 2025";"2025-05-08 07:30:00 - 2025-05-09 07:30:00";"2025-05-08 07:30:31";"2025-05-09 07:29:51";1705.0;1521683.0;1523388.0;1521684.0;1416.0
"Machine1";"May 9, 2025";"2025-05-09 07:30:00 - 2025-05-10 07:30:00";"2025-05-09 07:30:59";"2025-05-10 07:29:31";1746.0;1523388.0;1525134.0;1523389.0;1416.0
"Machine1";"May 10, 2025";"2025-05-10 07:30:00 - 2025-05-11 07:30:00";"2025-05-10 07:30:32";"2025-05-11 07:29:31";1745.0;1525134.0;1526879.0;1525136.0;1414.0
"Machine1";"May 11, 2025";"2025-05-11 07:30:00 - 2025-05-12 07:30:00";"2025-05-11 07:30:35";"2025-05-12 07:29:32";1748.0;1526879.0;1528627.0;1526880.0;1414.0
"Machine1";"May 12, 2025";"2025-05-12 07:30:00 - 2025-05-13 07:30:00";"2025-05-12 07:30:32";"2025-05-13 07:29:26";1740.0;1528627.0;1530367.0;1528628.0;1416.0
"Machine1";"May 13, 2025";"2025-05-13 07:30:00 - 2025-05-14 07:30:00";"2025-05-13 07:30:32";"2025-05-14 07:28:59";1727.0;1530367.0;1532094.0;1530369.0;1415.0
"Machine1";"May 14, 2025";"2025-05-14 07:30:00 - 2025-05-15 07:30:00";"2025-05-14 07:30:00";"2025-05-15 07:29:32";1722.0;1532094.0;1533816.0;1532095.0;1415.0
"Machine1";"May 15, 2025";"2025-05-15 07:30:00 - 2025-05-16 07:30:00";"2025-05-15 07:30:32";"2025-05-16 07:29:26";1239.0;1533816.0;1535055.0;1533817.0;1416.0
"Machine1";"May 16, 2025";"2025-05-16 07:30:00 - 2025-05-17 07:30:00";"2025-05-16 07:30:23";"2025-05-17 07:29:49";1735.0;1535055.0;1536790.0;1535056.0;1414.0
"Machine1";"May 17, 2025";"2025-05-17 07:30:00 - 2025-05-18 07:30:00";"2025-05-17 07:30:55";"2025-05-18 07:29:29";1728.0;1536790.0;1538518.0;1536791.0;1416.0
"Machine1";"May 18, 2025";"2025-05-18 07:30:00 - 2025-05-19 07:30:00";"2025-05-18 07:30:29";"2025-05-19 07:29:20";1758.0;1538518.0;1540276.0;1538519.0;1416.0
"Machine1";"May 19, 2025";"2025-05-19 07:30:00 - 2025-05-20 07:30:00";"2025-05-19 07:30:18";"2025-05-20 07:29:58";1729.0;1540276.0;1542005.0;1540278.0;1416.0
"Machine1";"May 20, 2025";"2025-05-20 07:30:00 - 2025-05-21 07:30:00";"2025-05-20 07:31:03";"2025-05-21 07:29:32";1728.0;1542005.0;1543733.0;1542006.0;1416.0
"Machine1";"May 21, 2025";"2025-05-21 07:30:00 - 2025-05-22 07:30:00";"2025-05-21 07:30:36";"2025-05-22 07:28:57";1702.0;1543733.0;1545435.0;1543735.0;1412.0
"Machine1";"May 22, 2025";"2025-05-22 07:30:00 - 2025-05-23 07:30:00";"2025-05-22 07:30:03";"2025-05-23 07:29:34";1737.0;1545435.0;1547172.0;1545437.0;1417.0
"Machine1";"May 23, 2025";"2025-05-23 07:30:00 - 2025-05-24 07:30:00";"2025-05-23 07:30:38";"2025-05-24 07:29:09";1729.0;1547172.0;1548901.0;1547173.0;1415.0
"Machine1";"May 24, 2025";"2025-05-24 07:30:00 - 2025-05-25 07:30:00";"2025-05-24 07:30:09";"2025-05-25 07:29:02";1725.0;1548901.0;1550626.0;1548902.0;1416.0
"Machine1";"May 25, 2025";"2025-05-25 07:30:00 - 2025-05-26 07:30:00";"2025-05-25 07:30:00";"2025-05-26 07:29:44";1746.0;1550626.0;1552372.0;1550627.0;1417.0
"Machine1";"May 26, 2025";"2025-05-26 07:30:00 - 2025-05-27 07:30:00";"2025-05-26 07:30:40";"2025-05-27 07:29:35";1747.0;1552372.0;1554119.0;1552373.0;1415.0
"Machine1";"May 27, 2025";"2025-05-27 07:30:00 - 2025-05-28 07:30:00";"2025-05-27 07:30:38";"2025-05-28 07:29:03";1754.0;1554119.0;1555873.0;1554120.0;1413.0
"Machine1";"May 28, 2025";"2025-05-28 07:30:00 - 2025-05-29 07:30:00";"2025-05-28 07:30:04";"2025-05-29 07:29:11";1715.0;1555873.0;1557588.0;1555874.0;1381.0
"Machine1";"May 29, 2025";"2025-05-29 07:30:00 - 2025-05-30 07:30:00";"2025-05-29 07:30:15";"2025-05-30 00:13:04";848.0;1557588.0;1558436.0;1557590.0;984.0
"Machine1";"June 1, 2025";"2025-06-01 07:30:00 - 2025-06-02 07:30:00";"2025-06-01 08:16:43";"2025-06-02 07:29:25";5704.0;1558436.0;1564140.0;1562115.0;1530.0
"Machine1";"June 2, 2025";"2025-06-02 07:30:00 - 2025-06-03 07:30:00";"2025-06-02 07:30:26";"2025-06-03 07:29:35";1749.0;1564140.0;1565889.0;1564141.0;1414.0
"Machine1";"June 3, 2025";"2025-06-03 07:30:00 - 2025-06-04 07:30:00";"2025-06-03 07:30:32";"2025-06-04 07:29:35";1718.0;1565889.0;1567607.0;1565890.0;1416.0
"Machine1";"June 4, 2025";"2025-06-04 07:30:00 - 2025-06-05 07:30:00";"2025-06-04 07:30:31";"2025-06-05 07:29:56";1684.0;1567607.0;1569291.0;1567608.0;1409.0
"Machine1";"June 5, 2025";"2025-06-05 07:30:00 - 2025-06-06 07:30:00";"2025-06-05 07:31:07";"2025-06-06 07:29:37";1697.0;1569291.0;1570988.0;1569292.0;1416.0
"Machine1";"June 6, 2025";"2025-06-06 07:30:00 - 2025-06-07 07:30:00";"2025-06-06 07:30:35";"2025-06-07 07:29:54";1710.0;1570988.0;1572698.0;1570989.0;1415.0
"Machine1";"June 7, 2025";"2025-06-07 07:30:00 - 2025-06-08 07:30:00";"2025-06-07 07:30:53";"2025-06-08 07:29:32";1717.0;1572698.0;1574415.0;1572699.0;1414.0
"Machine1";"June 8, 2025";"2025-06-08 07:30:00 - 2025-06-09 07:30:00";"2025-06-08 07:30:37";"2025-06-09 05:28:58";1518.0;1574415.0;1575933.0;1574417.0;1298.0
"Machine2";"March 1, 2025";"2025-03-01 07:30:00 - 2025-03-02 07:30:00";"2025-03-01 07:30:00";"2025-03-02 07:29:00";716.0;1325557.0;1326273.0;1325557.0;1416.0
"Machine2";"March 2, 2025";"2025-03-02 07:30:00 - 2025-03-03 07:30:00";"2025-03-02 07:30:00";"2025-03-03 07:28:00";648.0;1326273.0;1326921.0;1326274.0;1415.0
"Machine2";"March 3, 2025";"2025-03-03 07:30:00 - 2025-03-04 07:30:00";"2025-03-03 07:30:00";"2025-03-04 07:29:00";720.0;1326921.0;1327641.0;1326922.0;1417.0
"Machine2";"March 4, 2025";"2025-03-04 07:30:00 - 2025-03-05 07:30:00";"2025-03-04 07:30:00";"2025-03-05 07:29:00";684.0;1327641.0;1328325.0;1327642.0;1416.0
"Machine2";"March 5, 2025";"2025-03-05 07:30:00 - 2025-03-06 07:30:00";"2025-03-05 07:30:00";"2025-03-06 07:29:00";756.0;1328325.0;1329081.0;1328325.0;1416.0
"Machine2";"March 6, 2025";"2025-03-06 07:30:00 - 2025-03-07 07:30:00";"2025-03-06 07:30:00";"2025-03-07 07:29:00";589.0;1329081.0;1329670.0;1329082.0;1416.0
"Machine2";"March 7, 2025";"2025-03-07 07:30:00 - 2025-03-08 07:30:00";"2025-03-07 07:30:00";"2025-03-08 07:29:00";575.0;1329670.0;1330245.0;1329670.0;1416.0
"Machine2";"March 8, 2025";"2025-03-08 07:30:00 - 2025-03-09 07:30:00";"2025-03-08 07:30:00";"2025-03-09 07:29:00";658.0;1330245.0;1330903.0;1330245.0;1413.0
"Machine2";"March 9, 2025";"2025-03-09 07:30:00 - 2025-03-10 07:30:00";"2025-03-09 07:30:00";"2025-03-10 07:29:00";660.0;1330903.0;1331563.0;1330904.0;1413.0
"Machine2";"March 10, 2025";"2025-03-10 07:30:00 - 2025-03-11 07:30:00";"2025-03-10 07:30:00";"2025-03-11 07:29:00";699.0;1331563.0;1332262.0;1331563.0;1416.0
"Machine2";"March 11, 2025";"2025-03-11 07:30:00 - 2025-03-12 07:30:00";"2025-03-11 07:30:00";"2025-03-12 07:29:00";619.0;1332262.0;1332881.0;1332262.0;1414.0
"Machine2";"March 12, 2025";"2025-03-12 07:30:00 - 2025-03-13 07:30:00";"2025-03-12 07:30:00";"2025-03-13 07:29:00";758.0;1332881.0;1333639.0;1332881.0;1415.0
"Machine2";"March 13, 2025";"2025-03-13 07:30:00 - 2025-03-14 07:30:00";"2025-03-13 07:30:00";"2025-03-14 07:29:00";720.0;1333639.0;1334359.0;1333640.0;1416.0
"Machine2";"March 14, 2025";"2025-03-14 07:30:00 - 2025-03-15 07:30:00";"2025-03-14 07:30:00";"2025-03-15 07:29:00";847.0;1334359.0;1335206.0;1334360.0;1417.0
"Machine2";"March 15, 2025";"2025-03-15 07:30:00 - 2025-03-16 07:30:00";"2025-03-15 07:30:00";"2025-03-16 07:29:00";804.0;1335206.0;1336010.0;1335206.0;1416.0
"Machine2";"March 16, 2025";"2025-03-16 07:30:00 - 2025-03-17 07:30:00";"2025-03-16 07:30:00";"2025-03-17 07:29:00";744.0;1336010.0;1336754.0;1336011.0;1416.0
"Machine2";"March 17, 2025";"2025-03-17 07:30:00 - 2025-03-18 07:30:00";"2025-03-17 07:30:00";"2025-03-18 07:29:00";711.0;1336754.0;1337465.0;1336754.0;1416.0
"Machine2";"March 18, 2025";"2025-03-18 07:30:00 - 2025-03-19 07:30:00";"2025-03-18 07:30:00";"2025-03-19 07:29:00";683.0;1337465.0;1338148.0;1337465.0;1417.0
"Machine2";"March 19, 2025";"2025-03-19 07:30:00 - 2025-03-20 07:30:00";"2025-03-19 07:30:00";"2025-03-20 07:29:00";694.0;1338148.0;1338842.0;1338148.0;1415.0
"Machine2";"March 20, 2025";"2025-03-20 07:30:00 - 2025-03-21 07:30:00";"2025-03-20 07:30:00";"2025-03-21 07:29:00";657.0;1338842.0;1339499.0;1338842.0;1416.0
"Machine2";"March 21, 2025";"2025-03-21 07:30:00 - 2025-03-22 07:30:00";"2025-03-21 07:30:00";"2025-03-22 07:29:00";1363.0;1339499.0;1340862.0;1339499.0;1417.0
"Machine2";"March 22, 2025";"2025-03-22 07:30:00 - 2025-03-23 07:30:00";"2025-03-22 07:30:00";"2025-03-23 07:29:00";1334.0;1340862.0;1342196.0;1340863.0;1416.0
"Machine2";"March 23, 2025";"2025-03-23 07:30:00 - 2025-03-24 07:30:00";"2025-03-23 07:30:00";"2025-03-24 07:29:00";1061.0;1342196.0;1343257.0;1342198.0;1415.0
"Machine2";"March 24, 2025";"2025-03-24 07:30:00 - 2025-03-25 07:30:00";"2025-03-24 07:30:00";"2025-03-25 07:29:00";740.0;1343257.0;1343997.0;1343257.0;1417.0
"Machine2";"March 25, 2025";"2025-03-25 07:30:00 - 2025-03-26 07:30:00";"2025-03-25 07:30:00";"2025-03-26 07:29:00";727.0;1343997.0;1344724.0;1343997.0;1413.0
"Machine2";"March 26, 2025";"2025-03-26 07:30:00 - 2025-03-27 07:30:00";"2025-03-26 07:30:00";"2025-03-27 07:29:00";677.0;1344724.0;1345401.0;1344724.0;1415.0
"Machine2";"March 27, 2025";"2025-03-27 07:30:00 - 2025-03-28 07:30:00";"2025-03-27 07:30:00";"2025-03-28 07:29:00";745.0;1345401.0;1346146.0;1345402.0;1415.0
"Machine2";"March 28, 2025";"2025-03-28 07:30:00 - 2025-03-29 07:30:00";"2025-03-28 07:30:00";"2025-03-29 07:29:00";1294.0;1346146.0;1347440.0;1346146.0;1416.0
"Machine2";"March 29, 2025";"2025-03-29 07:30:00 - 2025-03-30 07:30:00";"2025-03-29 07:30:00";"2025-03-30 07:29:00";1027.0;1347440.0;1348467.0;1347441.0;1417.0
"Machine2";"March 30, 2025";"2025-03-30 07:30:00 - 2025-03-31 07:30:00";"2025-03-30 07:30:00";"2025-03-31 07:29:00";743.0;1348467.0;1349210.0;1348468.0;1416.0
"Machine2";"March 31, 2025";"2025-03-31 07:30:00 - 2025-04-01 07:30:00";"2025-03-31 07:30:00";"2025-04-01 07:29:00";722.0;1349210.0;1349932.0;1349210.0;1416.0
"Machine2";"April 1, 2025";"2025-04-01 07:30:00 - 2025-04-02 07:30:00";"2025-04-01 07:30:00";"2025-04-02 07:29:00";1418.0;1349932.0;1351350.0;1349932.0;1415.0
"Machine2";"April 2, 2025";"2025-04-02 07:30:00 - 2025-04-03 07:30:00";"2025-04-02 07:30:00";"2025-04-03 07:29:00";550.0;1351350.0;1351900.0;1351351.0;1410.0
"Machine2";"April 3, 2025";"2025-04-03 07:30:00 - 2025-04-04 07:30:00";"2025-04-03 07:30:00";"2025-04-04 07:29:00";732.0;1351900.0;1352632.0;1351900.0;1408.0
"Machine2";"April 4, 2025";"2025-04-04 07:30:00 - 2025-04-05 07:30:00";"2025-04-04 07:30:00";"2025-04-05 07:29:00";677.0;1352632.0;1353309.0;1352632.0;1416.0
"Machine2";"April 5, 2025";"2025-04-05 07:30:00 - 2025-04-06 07:30:00";"2025-04-05 07:30:00";"2025-04-06 07:29:00";805.0;1353309.0;1354114.0;1353309.0;1416.0
"Machine2";"April 6, 2025";"2025-04-06 07:30:00 - 2025-04-07 07:30:00";"2025-04-06 07:30:00";"2025-04-07 07:29:00";1136.0;1354114.0;1355250.0;1354115.0;1414.0
"Machine2";"April 7, 2025";"2025-04-07 07:30:00 - 2025-04-08 07:30:00";"2025-04-07 07:30:00";"2025-04-08 07:29:00";872.0;1355250.0;1356122.0;1355250.0;1416.0
"Machine2";"April 8, 2025";"2025-04-08 07:30:00 - 2025-04-09 07:30:00";"2025-04-08 07:30:00";"2025-04-09 07:29:00";665.0;1356122.0;1356787.0;1356123.0;1416.0
"Machine2";"April 9, 2025";"2025-04-09 07:30:00 - 2025-04-10 07:30:00";"2025-04-09 07:30:00";"2025-04-10 07:29:00";668.0;1356787.0;1357455.0;1356788.0;1415.0
"Machine2";"April 10, 2025";"2025-04-10 07:30:00 - 2025-04-11 07:30:00";"2025-04-10 07:30:00";"2025-04-11 07:29:00";724.0;1357455.0;1358179.0;1357456.0;1416.0
"Machine2";"April 11, 2025";"2025-04-11 07:30:00 - 2025-04-12 07:30:00";"2025-04-11 07:30:00";"2025-04-12 07:29:00";36.0;1358179.0;1358215.0;1358179.0;1417.0
"Machine2";"April 12, 2025";"2025-04-12 07:30:00 - 2025-04-13 07:30:00";"2025-04-12 07:30:00";"2025-04-13 07:29:00";38.0;1358215.0;1358253.0;1358215.0;1415.0
"Machine2";"April 13, 2025";"2025-04-13 07:30:00 - 2025-04-14 07:30:00";"2025-04-13 07:30:00";"2025-04-14 07:29:00";18.0;1358253.0;1358271.0;1358253.0;828.0
"Machine2";"April 14, 2025";"2025-04-14 07:30:00 - 2025-04-15 07:30:00";"2025-04-14 07:30:00";"2025-04-15 07:29:00";26.0;1358271.0;1358297.0;1358271.0;1416.0
"Machine2";"April 15, 2025";"2025-04-15 07:30:00 - 2025-04-16 07:30:00";"2025-04-15 07:30:00";"2025-04-16 07:29:00";361.0;1358297.0;1358658.0;1358297.0;1416.0
"Machine2";"April 16, 2025";"2025-04-16 07:30:00 - 2025-04-17 07:30:00";"2025-04-16 07:30:00";"2025-04-17 07:29:00";1018.0;1358658.0;1359676.0;1358659.0;1416.0
"Machine2";"April 17, 2025";"2025-04-17 07:30:00 - 2025-04-18 07:30:00";"2025-04-17 07:30:00";"2025-04-18 07:29:00";1657.0;1359676.0;1361333.0;1359677.0;1416.0
"Machine2";"April 18, 2025";"2025-04-18 07:30:00 - 2025-04-19 07:30:00";"2025-04-18 07:30:00";"2025-04-19 07:29:00";883.0;1361333.0;1362216.0;1361334.0;1416.0
"Machine2";"April 19, 2025";"2025-04-19 07:30:00 - 2025-04-20 07:30:00";"2025-04-19 07:30:00";"2025-04-20 07:29:00";1263.0;1362216.0;1363479.0;1362217.0;1417.0
"Machine2";"April 20, 2025";"2025-04-20 07:30:00 - 2025-04-21 07:30:00";"2025-04-20 07:30:00";"2025-04-21 07:29:00";1309.0;1363479.0;1364788.0;1363480.0;1415.0
"Machine2";"April 21, 2025";"2025-04-21 07:30:00 - 2025-04-22 07:30:00";"2025-04-21 07:30:00";"2025-04-22 07:29:00";1616.0;1364788.0;1366404.0;1364789.0;1416.0
"Machine2";"April 22, 2025";"2025-04-22 07:30:00 - 2025-04-23 07:30:00";"2025-04-22 07:30:00";"2025-04-23 07:29:00";1143.0;1366404.0;1367547.0;1366405.0;1417.0
"Machine2";"April 23, 2025";"2025-04-23 07:30:00 - 2025-04-24 07:30:00";"2025-04-23 07:30:00";"2025-04-24 07:29:00";693.0;1367547.0;1368240.0;1367548.0;1409.0
"Machine2";"April 24, 2025";"2025-04-24 07:30:00 - 2025-04-25 07:30:00";"2025-04-24 07:30:00";"2025-04-25 07:29:00";407.0;1368240.0;1368647.0;1368240.0;1416.0
"Machine2";"April 25, 2025";"2025-04-25 07:30:00 - 2025-04-26 07:30:00";"2025-04-25 07:30:00";"2025-04-26 07:29:00";681.0;1368647.0;1369328.0;1368648.0;1416.0
"Machine2";"April 26, 2025";"2025-04-26 07:30:00 - 2025-04-27 07:30:00";"2025-04-26 07:30:00";"2025-04-27 07:29:00";618.0;1369328.0;1369946.0;1369328.0;1416.0
"Machine2";"April 27, 2025";"2025-04-27 07:30:00 - 2025-04-28 07:30:00";"2025-04-27 07:30:00";"2025-04-28 07:29:00";1041.0;1369946.0;1370987.0;1369946.0;1416.0
"Machine2";"April 28, 2025";"2025-04-28 07:30:00 - 2025-04-29 07:30:00";"2025-04-28 07:30:00";"2025-04-29 07:29:00";894.0;1370987.0;1371881.0;1370988.0;1417.0
"Machine2";"April 29, 2025";"2025-04-29 07:30:00 - 2025-04-30 07:30:00";"2025-04-29 07:30:00";"2025-04-30 07:29:00";728.0;1371881.0;1372609.0;1371881.0;1413.0
"Machine2";"April 30, 2025";"2025-04-30 07:30:00 - 2025-05-01 07:30:00";"2025-04-30 07:30:00";"2025-05-01 07:29:00";783.0;1372609.0;1373392.0;1372610.0;1415.0
"Machine2";"May 1, 2025";"2025-05-01 07:30:00 - 2025-05-02 07:30:00";"2025-05-01 07:30:00";"2025-05-02 07:29:00";944.0;1373392.0;1374336.0;1373393.0;1416.0
"Machine2";"May 2, 2025";"2025-05-02 07:30:00 - 2025-05-03 07:30:00";"2025-05-02 07:30:00";"2025-05-03 07:29:00";721.0;1374336.0;1375057.0;1374336.0;1416.0
"Machine2";"May 3, 2025";"2025-05-03 07:30:00 - 2025-05-04 07:30:00";"2025-05-03 07:30:00";"2025-05-04 07:29:00";706.0;1375057.0;1375763.0;1375058.0;1417.0
"Machine2";"May 4, 2025";"2025-05-04 07:30:00 - 2025-05-05 07:30:00";"2025-05-04 07:30:00";"2025-05-05 07:29:00";569.0;1375763.0;1376332.0;1375764.0;1412.0
"Machine2";"May 5, 2025";"2025-05-05 07:30:00 - 2025-05-06 07:30:00";"2025-05-05 07:30:00";"2025-05-06 07:29:00";676.0;1376332.0;1377008.0;1376333.0;1416.0
"Machine2";"May 6, 2025";"2025-05-06 07:30:00 - 2025-05-07 07:30:00";"2025-05-06 07:30:00";"2025-05-07 07:29:00";704.0;1377008.0;1377712.0;1377009.0;1415.0
"Machine2";"May 7, 2025";"2025-05-07 07:30:00 - 2025-05-08 07:30:00";"2025-05-07 07:30:00";"2025-05-08 07:29:00";934.0;1377712.0;1378646.0;1377713.0;1416.0
"Machine2";"May 8, 2025";"2025-05-08 07:30:00 - 2025-05-09 07:30:00";"2025-05-08 07:30:00";"2025-05-09 07:29:00";888.0;1378646.0;1379534.0;1378646.0;1417.0
"Machine2";"May 9, 2025";"2025-05-09 07:30:00 - 2025-05-10 07:30:00";"2025-05-09 07:30:00";"2025-05-10 07:29:00";1388.0;1379534.0;1380922.0;1379535.0;1416.0
"Machine2";"May 10, 2025";"2025-05-10 07:30:00 - 2025-05-11 07:30:00";"2025-05-10 07:30:00";"2025-05-11 07:29:00";683.0;1380922.0;1381605.0;1380923.0;1416.0
"Machine2";"May 11, 2025";"2025-05-11 07:30:00 - 2025-05-12 07:30:00";"2025-05-11 07:30:00";"2025-05-12 07:29:00";618.0;1381605.0;1382223.0;1381605.0;1414.0
"Machine2";"May 12, 2025";"2025-05-12 07:30:00 - 2025-05-13 07:30:00";"2025-05-12 07:30:00";"2025-05-13 07:29:00";598.0;1382223.0;1382821.0;1382224.0;1416.0
"Machine2";"May 13, 2025";"2025-05-13 07:30:00 - 2025-05-14 07:30:00";"2025-05-13 07:30:00";"2025-05-14 07:28:00";714.0;1382821.0;1383535.0;1382821.0;1416.0
"Machine2";"May 14, 2025";"2025-05-14 07:30:00 - 2025-05-15 07:30:00";"2025-05-14 07:30:00";"2025-05-15 07:29:00";1003.0;1383535.0;1384538.0;1383536.0;1416.0
"Machine2";"May 15, 2025";"2025-05-15 07:30:00 - 2025-05-16 07:30:00";"2025-05-15 07:30:00";"2025-05-16 07:29:00";1053.0;1384538.0;1385591.0;1384539.0;1416.0
"Machine2";"May 16, 2025";"2025-05-16 07:30:00 - 2025-05-17 07:30:00";"2025-05-16 07:30:00";"2025-05-17 07:29:00";660.0;1385591.0;1386251.0;1385591.0;1416.0
"Machine2";"May 17, 2025";"2025-05-17 07:30:00 - 2025-05-18 07:30:00";"2025-05-17 07:30:00";"2025-05-18 07:29:00";712.0;1386251.0;1386963.0;1386252.0;1416.0
"Machine2";"May 18, 2025";"2025-05-18 07:30:00 - 2025-05-19 07:30:00";"2025-05-18 07:30:00";"2025-05-19 07:29:00";770.0;1386963.0;1387733.0;1386963.0;1416.0
"Machine2";"May 19, 2025";"2025-05-19 07:30:00 - 2025-05-20 07:30:00";"2025-05-19 07:30:00";"2025-05-20 07:29:00";485.0;1387733.0;1388218.0;1387733.0;1416.0
"Machine2";"May 20, 2025";"2025-05-20 07:30:00 - 2025-05-21 07:30:00";"2025-05-20 07:31:00";"2025-05-21 07:29:00";668.0;1388218.0;1388886.0;1388218.0;1416.0
"Machine2";"May 21, 2025";"2025-05-21 07:30:00 - 2025-05-22 07:30:00";"2025-05-21 07:30:00";"2025-05-22 07:28:00";796.0;1388886.0;1389682.0;1388886.0;1412.0
"Machine2";"May 22, 2025";"2025-05-22 07:30:00 - 2025-05-23 07:30:00";"2025-05-22 07:30:00";"2025-05-23 07:29:00";702.0;1389682.0;1390384.0;1389683.0;1417.0
"Machine2";"May 23, 2025";"2025-05-23 07:30:00 - 2025-05-24 07:30:00";"2025-05-23 07:30:00";"2025-05-24 07:29:00";1142.0;1390384.0;1391526.0;1390385.0;1415.0
"Machine2";"May 24, 2025";"2025-05-24 07:30:00 - 2025-05-25 07:30:00";"2025-05-24 07:30:00";"2025-05-25 07:29:00";698.0;1391526.0;1392224.0;1391527.0;1416.0
"Machine2";"May 25, 2025";"2025-05-25 07:30:00 - 2025-05-26 07:30:00";"2025-05-25 07:30:00";"2025-05-26 07:29:00";1018.0;1392224.0;1393242.0;1392224.0;1417.0
"Machine2";"May 26, 2025";"2025-05-26 07:30:00 - 2025-05-27 07:30:00";"2025-05-26 07:30:00";"2025-05-27 07:29:00";675.0;1393242.0;1393917.0;1393243.0;1415.0
"Machine2";"May 27, 2025";"2025-05-27 07:30:00 - 2025-05-28 07:30:00";"2025-05-27 07:30:00";"2025-05-28 07:29:00";694.0;1393917.0;1394611.0;1393918.0;1413.0
"Machine2";"May 28, 2025";"2025-05-28 07:30:00 - 2025-05-29 07:30:00";"2025-05-28 07:30:00";"2025-05-29 07:29:00";914.0;1394611.0;1395525.0;1394612.0;1381.0
"Machine2";"May 29, 2025";"2025-05-29 07:30:00 - 2025-05-30 07:30:00";"2025-05-29 07:30:00";"2025-05-30 00:13:00";762.0;1395525.0;1396287.0;1395525.0;984.0
"Machine2";"June 1, 2025";"2025-06-01 07:30:00 - 2025-06-02 07:30:00";"2025-06-01 08:16:00";"2025-06-02 07:29:00";2382.0;1396287.0;1398669.0;1397885.0;1531.0
"Machine2";"June 2, 2025";"2025-06-02 07:30:00 - 2025-06-03 07:30:00";"2025-06-02 07:30:00";"2025-06-03 07:29:00";696.0;1398669.0;1399365.0;1398669.0;1414.0
"Machine2";"June 3, 2025";"2025-06-03 07:30:00 - 2025-06-04 07:30:00";"2025-06-03 07:30:00";"2025-06-04 07:29:00";684.0;1399365.0;1400049.0;1399365.0;1416.0
"Machine2";"June 4, 2025";"2025-06-04 07:30:00 - 2025-06-05 07:30:00";"2025-06-04 07:30:00";"2025-06-05 07:29:00";755.0;1400049.0;1400804.0;1400050.0;1409.0
"Machine2";"June 5, 2025";"2025-06-05 07:30:00 - 2025-06-06 07:30:00";"2025-06-05 07:31:00";"2025-06-06 07:29:00";1035.0;1400804.0;1401839.0;1400805.0;1416.0
"Machine2";"June 6, 2025";"2025-06-06 07:30:00 - 2025-06-07 07:30:00";"2025-06-06 07:30:00";"2025-06-07 07:29:00";682.0;1401839.0;1402521.0;1401839.0;1415.0
"Machine2";"June 7, 2025";"2025-06-07 07:30:00 - 2025-06-08 07:30:00";"2025-06-07 07:30:00";"2025-06-08 07:29:00";694.0;1402521.0;1403215.0;1402521.0;1414.0
"Machine2";"June 8, 2025";"2025-06-08 07:30:00 - 2025-06-09 07:30:00";"2025-06-08 07:30:00";"2025-06-09 05:28:00";829.0;1403215.0;1404044.0;1403215.0;1298.0
"machine3";"March 1, 2025";"2025-03-01 07:30:00 - 2025-03-02 07:30:00";"2025-03-01 07:30:00";"2025-03-02 07:29:00";1647.0;724660.0;726307.0;724660.0;1415.0
"machine3";"March 2, 2025";"2025-03-02 07:30:00 - 2025-03-03 07:30:00";"2025-03-02 07:30:00";"2025-03-03 07:28:00";1976.0;726307.0;728283.0;726308.0;1414.0
"machine3";"March 3, 2025";"2025-03-03 07:30:00 - 2025-03-04 07:30:00";"2025-03-03 07:30:00";"2025-03-04 07:29:00";1731.0;728283.0;730014.0;728284.0;1417.0
"machine3";"March 4, 2025";"2025-03-04 07:30:00 - 2025-03-05 07:30:00";"2025-03-04 07:30:00";"2025-03-05 07:29:00";1852.0;730014.0;731866.0;730015.0;1416.0
"machine3";"March 5, 2025";"2025-03-05 07:30:00 - 2025-03-06 07:30:00";"2025-03-05 07:30:00";"2025-03-06 07:29:00";1493.0;731866.0;733359.0;731867.0;1416.0
"machine3";"March 6, 2025";"2025-03-06 07:30:00 - 2025-03-07 07:30:00";"2025-03-06 07:30:00";"2025-03-07 07:29:00";1976.0;733359.0;735335.0;733360.0;1416.0
"machine3";"March 7, 2025";"2025-03-07 07:30:00 - 2025-03-08 07:30:00";"2025-03-07 07:30:00";"2025-03-08 07:29:00";1158.0;735335.0;736493.0;735336.0;1416.0
"machine3";"March 8, 2025";"2025-03-08 07:30:00 - 2025-03-09 07:30:00";"2025-03-08 07:30:00";"2025-03-09 07:29:00";1311.0;736493.0;737804.0;736493.0;1413.0
"machine3";"March 9, 2025";"2025-03-09 07:30:00 - 2025-03-10 07:30:00";"2025-03-09 07:30:00";"2025-03-10 07:29:00";1339.0;737804.0;739143.0;737804.0;1413.0
"machine3";"March 10, 2025";"2025-03-10 07:30:00 - 2025-03-11 07:30:00";"2025-03-10 07:30:00";"2025-03-11 07:29:00";1471.0;739143.0;740614.0;739144.0;1416.0
"machine3";"March 11, 2025";"2025-03-11 07:30:00 - 2025-03-12 07:30:00";"2025-03-11 07:30:00";"2025-03-12 07:29:00";1384.0;740614.0;741998.0;740615.0;1414.0
"machine3";"March 12, 2025";"2025-03-12 07:30:00 - 2025-03-13 07:30:00";"2025-03-12 07:30:00";"2025-03-13 07:29:00";1450.0;741998.0;743448.0;741999.0;1415.0
"machine3";"March 13, 2025";"2025-03-13 07:30:00 - 2025-03-14 07:30:00";"2025-03-13 07:30:00";"2025-03-14 07:29:00";1135.0;743448.0;744583.0;743449.0;1416.0
"machine3";"March 14, 2025";"2025-03-14 07:30:00 - 2025-03-15 07:30:00";"2025-03-14 07:30:00";"2025-03-15 07:29:00";1265.0;744583.0;745848.0;744584.0;1417.0
"machine3";"March 15, 2025";"2025-03-15 07:30:00 - 2025-03-16 07:30:00";"2025-03-15 07:30:00";"2025-03-16 07:29:00";988.0;745848.0;746836.0;745849.0;1416.0
"machine3";"March 16, 2025";"2025-03-16 07:30:00 - 2025-03-17 07:30:00";"2025-03-16 07:30:00";"2025-03-17 07:29:00";1486.0;746836.0;748322.0;746836.0;1416.0
"machine3";"March 17, 2025";"2025-03-17 07:30:00 - 2025-03-18 07:30:00";"2025-03-17 07:30:00";"2025-03-18 07:29:00";1676.0;748322.0;749998.0;748324.0;1416.0
"machine3";"March 18, 2025";"2025-03-18 07:30:00 - 2025-03-19 07:30:00";"2025-03-18 07:30:00";"2025-03-19 07:29:00";937.0;749998.0;750935.0;749999.0;1417.0
"machine3";"March 19, 2025";"2025-03-19 07:30:00 - 2025-03-20 07:30:00";"2025-03-19 07:30:00";"2025-03-20 07:29:00";1709.0;750935.0;752644.0;750936.0;1415.0
"machine3";"March 20, 2025";"2025-03-20 07:30:00 - 2025-03-21 07:30:00";"2025-03-20 07:30:00";"2025-03-21 07:29:00";1077.0;752644.0;753721.0;752646.0;1416.0
"machine3";"March 21, 2025";"2025-03-21 07:30:00 - 2025-03-22 07:30:00";"2025-03-21 07:30:00";"2025-03-22 07:29:00";294.0;753721.0;754015.0;753722.0;1417.0
"machine3";"March 22, 2025";"2025-03-22 07:30:00 - 2025-03-23 07:30:00";"2025-03-22 07:30:00";"2025-03-23 07:29:00";1027.0;754015.0;755042.0;754015.0;1416.0
"machine3";"March 23, 2025";"2025-03-23 07:30:00 - 2025-03-24 07:30:00";"2025-03-23 07:30:00";"2025-03-24 07:29:00";1461.0;755042.0;756503.0;755043.0;1415.0
"machine3";"March 24, 2025";"2025-03-24 07:30:00 - 2025-03-25 07:30:00";"2025-03-24 07:30:00";"2025-03-25 07:29:00";2010.0;756503.0;758513.0;756504.0;1417.0
"machine3";"March 25, 2025";"2025-03-25 07:30:00 - 2025-03-26 07:30:00";"2025-03-25 07:30:00";"2025-03-26 07:29:00";1699.0;758513.0;760212.0;758514.0;1413.0
"machine3";"March 26, 2025";"2025-03-26 07:30:00 - 2025-03-27 07:30:00";"2025-03-26 07:30:00";"2025-03-27 07:29:00";1161.0;760212.0;761373.0;760214.0;1415.0
"machine3";"March 27, 2025";"2025-03-27 07:30:00 - 2025-03-28 07:30:00";"2025-03-27 07:30:00";"2025-03-28 07:29:00";866.0;761373.0;762239.0;761373.0;1415.0
"machine3";"March 28, 2025";"2025-03-28 07:30:00 - 2025-03-29 07:30:00";"2025-03-28 07:30:00";"2025-03-29 07:29:00";94.0;762239.0;762333.0;762239.0;1416.0
"machine3";"March 29, 2025";"2025-03-29 07:30:00 - 2025-03-30 07:30:00";"2025-03-29 07:30:00";"2025-03-30 07:29:00";1707.0;762333.0;764040.0;762333.0;1417.0
"machine3";"March 30, 2025";"2025-03-30 07:30:00 - 2025-03-31 07:30:00";"2025-03-30 07:30:00";"2025-03-31 07:29:00";1973.0;764040.0;766013.0;764042.0;1414.0
"machine3";"March 31, 2025";"2025-03-31 07:30:00 - 2025-04-01 07:30:00";"2025-03-31 07:30:00";"2025-04-01 07:29:00";2015.0;766013.0;768028.0;766015.0;1416.0
"machine3";"April 1, 2025";"2025-04-01 07:30:00 - 2025-04-02 07:30:00";"2025-04-01 07:30:00";"2025-04-02 07:29:00";1819.0;768028.0;769847.0;768029.0;1414.0
"machine3";"April 2, 2025";"2025-04-02 07:30:00 - 2025-04-03 07:30:00";"2025-04-02 07:30:00";"2025-04-03 07:29:00";1748.0;769847.0;771595.0;769848.0;1410.0
"machine3";"April 3, 2025";"2025-04-03 07:30:00 - 2025-04-04 07:30:00";"2025-04-03 07:30:00";"2025-04-04 07:29:00";1780.0;771595.0;773375.0;771596.0;1408.0
"machine3";"April 4, 2025";"2025-04-04 07:30:00 - 2025-04-05 07:30:00";"2025-04-04 07:30:00";"2025-04-05 07:29:00";1885.0;773375.0;775260.0;773377.0;1416.0
"machine3";"April 5, 2025";"2025-04-05 07:30:00 - 2025-04-06 07:30:00";"2025-04-05 07:30:00";"2025-04-06 07:29:00";1884.0;775260.0;777144.0;775261.0;1416.0
"machine3";"April 6, 2025";"2025-04-06 07:30:00 - 2025-04-07 07:30:00";"2025-04-06 07:30:00";"2025-04-07 07:29:00";1380.0;777144.0;778524.0;777145.0;1414.0
"machine3";"April 7, 2025";"2025-04-07 07:30:00 - 2025-04-08 07:30:00";"2025-04-07 07:30:00";"2025-04-08 07:29:00";2058.0;778524.0;780582.0;778526.0;1416.0
"machine3";"April 8, 2025";"2025-04-08 07:30:00 - 2025-04-09 07:30:00";"2025-04-08 07:30:00";"2025-04-09 07:29:00";2035.0;780582.0;782617.0;780583.0;1416.0
"machine3";"April 9, 2025";"2025-04-09 07:30:00 - 2025-04-10 07:30:00";"2025-04-09 07:30:00";"2025-04-10 07:29:00";2015.0;782617.0;784632.0;782619.0;1414.0
"machine3";"April 10, 2025";"2025-04-10 07:30:00 - 2025-04-11 07:30:00";"2025-04-10 07:30:00";"2025-04-11 07:29:00";896.0;784632.0;785528.0;784633.0;1416.0
"machine3";"April 11, 2025";"2025-04-11 07:30:00 - 2025-04-12 07:30:00";"2025-04-11 07:30:00";"2025-04-12 07:29:00";1052.0;785528.0;786580.0;785529.0;1416.0
"machine3";"April 12, 2025";"2025-04-12 07:30:00 - 2025-04-13 07:30:00";"2025-04-12 07:30:00";"2025-04-13 07:29:00";25.0;786580.0;786605.0;786580.0;1415.0
"machine3";"April 13, 2025";"2025-04-13 07:30:00 - 2025-04-14 07:30:00";"2025-04-13 07:30:00";"2025-04-14 07:29:00";14.0;786605.0;786619.0;786605.0;828.0
"machine3";"April 14, 2025";"2025-04-14 07:30:00 - 2025-04-15 07:30:00";"2025-04-14 07:30:00";"2025-04-15 07:29:00";25.0;786619.0;786644.0;786619.0;1416.0
"machine3";"April 15, 2025";"2025-04-15 07:30:00 - 2025-04-16 07:30:00";"2025-04-15 07:30:00";"2025-04-16 07:29:00";370.0;786644.0;787014.0;786644.0;1416.0
"machine3";"April 16, 2025";"2025-04-16 07:30:00 - 2025-04-17 07:30:00";"2025-04-16 07:30:00";"2025-04-17 07:29:00";1294.0;787014.0;788308.0;787015.0;1416.0
"machine3";"April 17, 2025";"2025-04-17 07:30:00 - 2025-04-18 07:30:00";"2025-04-17 07:30:00";"2025-04-18 07:29:00";2049.0;788308.0;790357.0;788309.0;1416.0
"machine3";"April 18, 2025";"2025-04-18 07:30:00 - 2025-04-19 07:30:00";"2025-04-18 07:30:00";"2025-04-19 07:29:00";2014.0;790357.0;792371.0;790359.0;1416.0
"machine3";"April 19, 2025";"2025-04-19 07:30:00 - 2025-04-20 07:30:00";"2025-04-19 07:30:00";"2025-04-20 07:29:00";1957.0;792371.0;794328.0;792372.0;1417.0
"machine3";"April 20, 2025";"2025-04-20 07:30:00 - 2025-04-21 07:30:00";"2025-04-20 07:30:00";"2025-04-21 07:29:00";2039.0;794328.0;796367.0;794329.0;1414.0
"machine3";"April 21, 2025";"2025-04-21 07:30:00 - 2025-04-22 07:30:00";"2025-04-21 07:30:00";"2025-04-22 07:29:00";1987.0;796367.0;798354.0;796368.0;1416.0
"machine3";"April 22, 2025";"2025-04-22 07:30:00 - 2025-04-23 07:30:00";"2025-04-22 07:30:00";"2025-04-23 07:29:00";1480.0;798354.0;799834.0;798354.0;1416.0
"machine3";"April 23, 2025";"2025-04-23 07:30:00 - 2025-04-24 07:30:00";"2025-04-23 07:30:00";"2025-04-24 07:29:00";1998.0;799834.0;801832.0;799835.0;1409.0
"machine3";"April 24, 2025";"2025-04-24 07:30:00 - 2025-04-25 07:30:00";"2025-04-24 07:30:00";"2025-04-25 07:29:00";1962.0;801832.0;803794.0;801834.0;1416.0
"machine3";"April 25, 2025";"2025-04-25 07:30:00 - 2025-04-26 07:30:00";"2025-04-25 07:30:00";"2025-04-26 07:29:00";2051.0;803794.0;805845.0;803796.0;1416.0
"machine3";"April 26, 2025";"2025-04-26 07:30:00 - 2025-04-27 07:30:00";"2025-04-26 07:30:00";"2025-04-27 07:29:00";2076.0;805845.0;807921.0;805846.0;1416.0
"machine3";"April 27, 2025";"2025-04-27 07:30:00 - 2025-04-28 07:30:00";"2025-04-27 07:30:00";"2025-04-28 07:29:00";1915.0;807921.0;809836.0;807923.0;1416.0
"machine3";"April 28, 2025";"2025-04-28 07:30:00 - 2025-04-29 07:30:00";"2025-04-28 07:30:00";"2025-04-29 07:29:00";1643.0;809836.0;811479.0;809837.0;1417.0
"machine3";"April 29, 2025";"2025-04-29 07:30:00 - 2025-04-30 07:30:00";"2025-04-29 07:30:00";"2025-04-30 07:29:00";2008.0;811479.0;813487.0;811480.0;1413.0
"machine3";"April 30, 2025";"2025-04-30 07:30:00 - 2025-05-01 07:30:00";"2025-04-30 07:30:00";"2025-05-01 07:29:00";2003.0;813487.0;815490.0;813489.0;1415.0
"machine3";"May 1, 2025";"2025-05-01 07:30:00 - 2025-05-02 07:30:00";"2025-05-01 07:30:00";"2025-05-02 07:29:00";2024.0;815490.0;817514.0;815491.0;1416.0
"machine3";"May 2, 2025";"2025-05-02 07:30:00 - 2025-05-03 07:30:00";"2025-05-02 07:30:00";"2025-05-03 07:29:00";2013.0;817514.0;819527.0;817516.0;1416.0
"machine3";"May 3, 2025";"2025-05-03 07:30:00 - 2025-05-04 07:30:00";"2025-05-03 07:30:00";"2025-05-04 07:29:00";1879.0;819527.0;821406.0;819528.0;1417.0
"machine3";"May 4, 2025";"2025-05-04 07:30:00 - 2025-05-05 07:30:00";"2025-05-04 07:30:00";"2025-05-05 07:29:00";1425.0;821406.0;822831.0;821407.0;1412.0
"machine3";"May 5, 2025";"2025-05-05 07:30:00 - 2025-05-06 07:30:00";"2025-05-05 07:30:00";"2025-05-06 07:29:00";1931.0;822831.0;824762.0;822831.0;1416.0
"machine3";"May 6, 2025";"2025-05-06 07:30:00 - 2025-05-07 07:30:00";"2025-05-06 07:30:00";"2025-05-07 07:29:00";1647.0;824762.0;826409.0;824764.0;1415.0
"machine3";"May 7, 2025";"2025-05-07 07:30:00 - 2025-05-08 07:30:00";"2025-05-07 07:30:00";"2025-05-08 07:29:00";438.0;826409.0;826847.0;826411.0;1416.0
"machine3";"May 8, 2025";"2025-05-08 07:30:00 - 2025-05-09 07:30:00";"2025-05-08 07:30:00";"2025-05-09 07:29:00";57.0;826847.0;826904.0;826847.0;1417.0
"machine3";"May 9, 2025";"2025-05-09 07:30:00 - 2025-05-10 07:30:00";"2025-05-09 07:30:00";"2025-05-10 07:29:00";56.0;826904.0;826960.0;826904.0;1416.0
"machine3";"May 10, 2025";"2025-05-10 07:30:00 - 2025-05-11 07:30:00";"2025-05-10 07:30:00";"2025-05-11 07:29:00";1285.0;826960.0;828245.0;826960.0;1416.0
"machine3";"May 11, 2025";"2025-05-11 07:30:00 - 2025-05-12 07:30:00";"2025-05-11 07:30:00";"2025-05-12 07:29:00";1660.0;828245.0;829905.0;828246.0;1414.0
"machine3";"May 12, 2025";"2025-05-12 07:30:00 - 2025-05-13 07:30:00";"2025-05-12 07:30:00";"2025-05-13 07:29:00";1913.0;829905.0;831818.0;829906.0;1416.0
"machine3";"May 13, 2025";"2025-05-13 07:30:00 - 2025-05-14 07:30:00";"2025-05-13 07:30:00";"2025-05-14 07:28:00";1554.0;831818.0;833372.0;831819.0;1416.0
"machine3";"May 14, 2025";"2025-05-14 07:30:00 - 2025-05-15 07:30:00";"2025-05-14 07:30:00";"2025-05-15 07:29:00";1353.0;833372.0;834725.0;833372.0;1416.0
"machine3";"May 15, 2025";"2025-05-15 07:30:00 - 2025-05-16 07:30:00";"2025-05-15 07:30:00";"2025-05-16 07:29:00";1313.0;834725.0;836038.0;834726.0;1416.0
"machine3";"May 16, 2025";"2025-05-16 07:30:00 - 2025-05-17 07:30:00";"2025-05-16 07:30:00";"2025-05-17 07:29:00";1917.0;836038.0;837955.0;836040.0;1416.0
"machine3";"May 17, 2025";"2025-05-17 07:30:00 - 2025-05-18 07:30:00";"2025-05-17 07:30:00";"2025-05-18 07:29:00";1307.0;837955.0;839262.0;837956.0;1416.0
"machine3";"May 18, 2025";"2025-05-18 07:30:00 - 2025-05-19 07:30:00";"2025-05-18 07:30:00";"2025-05-19 07:29:00";912.0;839262.0;840174.0;839263.0;1416.0
"machine3";"May 19, 2025";"2025-05-19 07:30:00 - 2025-05-20 07:30:00";"2025-05-19 07:30:00";"2025-05-20 07:29:00";1755.0;840174.0;841929.0;840175.0;1416.0
"machine3";"May 20, 2025";"2025-05-20 07:30:00 - 2025-05-21 07:30:00";"2025-05-20 07:31:00";"2025-05-21 07:29:00";1748.0;841929.0;843677.0;841929.0;1416.0
"machine3";"May 21, 2025";"2025-05-21 07:30:00 - 2025-05-22 07:30:00";"2025-05-21 07:30:00";"2025-05-22 07:28:00";1609.0;843677.0;845286.0;843678.0;1412.0
"machine3";"May 22, 2025";"2025-05-22 07:30:00 - 2025-05-23 07:30:00";"2025-05-22 07:30:00";"2025-05-23 07:29:00";1666.0;845286.0;846952.0;845287.0;1417.0
"machine3";"May 23, 2025";"2025-05-23 07:30:00 - 2025-05-24 07:30:00";"2025-05-23 07:30:00";"2025-05-24 07:29:00";973.0;846952.0;847925.0;846953.0;1415.0
"machine3";"May 24, 2025";"2025-05-24 07:30:00 - 2025-05-25 07:30:00";"2025-05-24 07:30:00";"2025-05-25 07:29:00";1661.0;847925.0;849586.0;847927.0;1415.0
"machine3";"May 25, 2025";"2025-05-25 07:30:00 - 2025-05-26 07:30:00";"2025-05-25 07:30:00";"2025-05-26 07:29:00";1009.0;849586.0;850595.0;849587.0;1417.0
"machine3";"May 26, 2025";"2025-05-26 07:30:00 - 2025-05-27 07:30:00";"2025-05-26 07:30:00";"2025-05-27 07:29:00";1823.0;850595.0;852418.0;850595.0;1415.0
"machine3";"May 27, 2025";"2025-05-27 07:30:00 - 2025-05-28 07:30:00";"2025-05-27 07:30:00";"2025-05-28 07:29:00";2017.0;852418.0;854435.0;852419.0;1413.0
"machine3";"May 28, 2025";"2025-05-28 07:30:00 - 2025-05-29 07:30:00";"2025-05-28 07:30:00";"2025-05-29 07:29:00";1790.0;854435.0;856225.0;854437.0;1381.0
"machine3";"May 29, 2025";"2025-05-29 07:30:00 - 2025-05-30 07:30:00";"2025-05-29 07:30:00";"2025-05-30 00:13:00";1403.0;856225.0;857628.0;856227.0;984.0
"machine3";"June 1, 2025";"2025-06-01 07:30:00 - 2025-06-02 07:30:00";"2025-06-01 08:16:00";"2025-06-02 07:29:00";5300.0;857628.0;862928.0;861225.0;1531.0
"machine3";"June 2, 2025";"2025-06-02 07:30:00 - 2025-06-03 07:30:00";"2025-06-02 07:30:00";"2025-06-03 07:29:00";2016.0;862928.0;864944.0;862929.0;1413.0
"machine3";"June 3, 2025";"2025-06-03 07:30:00 - 2025-06-04 07:30:00";"2025-06-03 07:30:00";"2025-06-04 07:29:00";1849.0;864944.0;866793.0;864946.0;1416.0
"machine3";"June 4, 2025";"2025-06-04 07:30:00 - 2025-06-05 07:30:00";"2025-06-04 07:30:00";"2025-06-05 07:29:00";1708.0;866793.0;868501.0;866793.0;1409.0
"machine3";"June 5, 2025";"2025-06-05 07:30:00 - 2025-06-06 07:30:00";"2025-06-05 07:31:00";"2025-06-06 07:29:00";1539.0;868501.0;870040.0;868501.0;1416.0
"machine3";"June 6, 2025";"2025-06-06 07:30:00 - 2025-06-07 07:30:00";"2025-06-06 07:30:00";"2025-06-07 07:29:00";1618.0;870040.0;871658.0;870041.0;1415.0
"machine3";"June 7, 2025";"2025-06-07 07:30:00 - 2025-06-08 07:30:00";"2025-06-07 07:30:00";"2025-06-08 07:29:00";1633.0;871658.0;873291.0;871659.0;1412.0
"machine3";"June 8, 2025";"2025-06-08 07:30:00 - 2025-06-09 07:30:00";"2025-06-08 07:30:00";"2025-06-09 05:28:00";1374.0;873291.0;874665.0;873293.0;1298.0
